"","Df","F value","Pr(>F)","Df","F value","Pr(>F)","Df","F value","Pr(>F)","Df","F value","Pr(>F)","Df","F value","Pr(>F)"
"Elevation",1,7.94786062419219,0.00777718975589134,1,13.7237395199312,0.000707027773964158,1,21.1477609825384,0.000173882178905064,1,51.4151226736616,1.8093020674093e-09,1,3.45065688668172,0.0714213437917356
"Fire",1,0.0118694766411464,0.913849441213556,1,1.10000951507043,0.301254451371241,1,1.41819985177287,0.247642526109573,1,113.804564131078,4.16747088845899e-15,1,0.0972447092178797,0.75696043995192
"Elevation:Fire",1,0.0683577066836452,0.795233201224527,1,3.02180028838143,0.0906998185256493,1,0.467852370292894,0.501825962400974,1,108.085425093246,1.09663924634729e-14,1,6.59332984604078,0.014533845522818
"Residuals",36,NA,NA,36,NA,NA,20,NA,NA,56,NA,NA,36,NA,NA
