"","Chisq","Df","Pr(>Chisq)","Chisq","Df","Pr(>Chisq)","Chisq","Df","Pr(>Chisq)","Chisq","Df","Pr(>Chisq)","Chisq","Df","Pr(>Chisq)"
"Elevation",1.47821059364559,1,0.224054701517613,3.4506568866817,1,0.0632266369852055,7.94786062419213,1,0.00481442558796878,3.43340370406361,1,0.0638902991035521,0.683298484693896,1,0.408453211604514
"Fire",1.54169292873015,1,0.214365991929088,0.0972447092180311,1,0.75516148506395,0.0118694766411483,1,0.913244426559786,0.156967946852942,1,0.691963535934961,0.0124032476745366,1,0.911323052614902
"Elevation:Fire",0.259861134885042,1,0.610215573025157,6.5933298460408,1,0.0102361536447687,0.0683577066836384,1,0.793743137489626,0.0605664378199758,1,0.805602892091001,2.92963093545583,1,0.0869673713566313
