"","Df","F value","Pr(>F)","Df","F value","Pr(>F)","Df","F value","Pr(>F)","Df","F value","Pr(>F)"
"elevation_fac",1,2.22010695459667,0.144933672966378,1,8.33522298390362,0.00653768196518593,1,10.0838471883426,0.00306241678670851,1,9.9256566903657,0.00261584470605469
"fire",1,0.511581785196211,0.479068263760465,1,0.241640476362215,0.62600770642064,1,3.41901096931017,0.0726747248650672,1,1.48119332453489,0.228692100700884
"elevation_fac:fire",1,8.06278738985823,0.00738505461824985,1,0.420178684556907,0.520961213336171,1,6.08990054095896,0.0184825633495756,1,0.00942928072714816,0.922990126461573
"Residuals",36,NA,NA,36,NA,NA,36,NA,NA,56,NA,NA
