"","Df","F value","Pr(>F)","Df","F value","Pr(>F)","Df","F value","Pr(>F)","Df","F value","Pr(>F)","Df","F value","Pr(>F)"
"Elevation",1,8.17364067294077,0.0070268487106686,1,16.0802112245439,0.000292797539684437,1,19.7636891226372,0.0002483241139549,1,21.5770494047526,2.10294935854568e-05,1,3.86235322931265,0.0571329062922977
"Fire",1,0.0118694766411424,0.91384944121357,1,1.10000951507023,0.301254451371284,1,1.4181998517729,0.247642526109569,1,113.804564131031,4.16747088849165e-15,1,0.0972447092179434,0.756960439951843
"Elevation:Fire",1,0.0683577066836427,0.79523320122453,1,3.02180028838144,0.0906998185256492,1,0.467852370292895,0.501825962400973,1,108.085425093246,1.0966392463473e-14,1,6.59332984604079,0.014533845522818
"Residuals",36,NA,NA,36,NA,NA,20,NA,NA,56,NA,NA,36,NA,NA
