"","Df","F value","Pr(>F)","F value","Pr(>F)","F value","Pr(>F)","F value","Pr(>F)"
"elevation_fac",1,2.22010695459668,0.144933672966378,8.33522298390362,0.00653768196518592,10.0838471883426,0.0030624167867085,9.92565669036572,0.00261584470605467
"fire",1,0.511581785196213,0.479068263760464,0.241640476362215,0.62600770642064,3.41901096931018,0.0726747248650668,1.48119332453489,0.228692100700884
"elevation_fac:fire",1,8.06278738985822,0.0073850546182499,0.420178684556905,0.520961213336172,6.08990054095896,0.0184825633495756,0.00942928072714957,0.922990126461567
"Residuals",36,NA,NA,NA,NA,NA,NA,NA,NA
