"","Df","F value","Pr(>F)","F value","Pr(>F)"
"elevation_fac",1,14.194591045467,0.000428544429162611,0.333671838933073,0.566046616218575
"fire",1,0.306676087168205,0.582147070477827,3.34528596493332,0.0732474984214174
"elevation_fac:fire",1,1.11972502014194,0.29496405219673,1.15341842682095,0.287889899944556
"Residuals",51,NA,NA,NA,NA
