"","Df","F value","Pr(>F)","Df","F value","Pr(>F)","Df","F value","Pr(>F)","Df","F value","Pr(>F)","Df","F value","Pr(>F)"
"Elevation",1,9.21530995771417,0.00377361342101151,1,1.08701662293857,0.302050339388326,1,0.843697205534319,0.362280941092461,1,1.7364493832378,0.193365572754263,1,1.32251671493261,0.255402388403328
"Fire",1,1.36883628134615,0.247450498498573,1,2.85743533766662,0.0970564812067129,1,4.05261052790735,0.0489196424976992,1,1.15573951365409,0.287313926350602,1,0.425103177447596,0.517273262325324
"Elevation:Fire",1,0.226883369824534,0.635878844380804,1,1.83146654412015,0.181922723131686,1,0.000548621287667236,0.981396388592749,1,1.01962227717708,0.317284310552775,1,1.70687135934074,0.197140938113116
"Residuals",51,NA,NA,51,NA,NA,56,NA,NA,52,NA,NA,52,NA,NA
