"","Df","F value","Pr(>F)","Df","F value","Pr(>F)","Df","F value","Pr(>F)","Df","F value","Pr(>F)","Df","F value","Pr(>F)"
"Elevation",1,9.78554399494979,0.00290563088437114,1,0.78705446339263,0.379156954126266,1,0.14799092769065,0.701919871628861,1,0.982966506868061,0.326058708573554,1,1.63923606406758,0.206112225436248
"Fire",1,1.36883628134609,0.247450498498582,1,2.85743533766639,0.0970564812067261,1,4.05261052790735,0.0489196424976994,1,1.15573951365422,0.287313926350576,1,0.425103177447493,0.517273262325374
"Elevation:Fire",1,0.226883369824533,0.635878844380805,1,1.83146654412015,0.181922723131686,1,0.000548621287667259,0.981396388592748,1,1.01962227717708,0.317284310552775,1,1.70687135934074,0.197140938113116
"Residuals",51,NA,NA,51,NA,NA,56,NA,NA,52,NA,NA,52,NA,NA
