"","Df","F value","Pr(>F)","F value","Pr(>F)","F value","Pr(>F)"
"elevation_fac",1,0.0133389577278031,0.90837928277373,0.889412488061744,0.349024916001268,2.27714108305866,0.135995265697387
"fire",1,2.5494399158404,0.114775011255773,4.23455506609152,0.0435029211156347,0.958680001546982,0.331041974187838
"elevation_fac:fire",1,0.0443240035641947,0.833855002140157,0.593680543727539,0.443707922610435,0.436583698151461,0.511041552145696
"Residuals",71,NA,NA,NA,NA,NA,NA
