"","Df","F value","Pr(>F)","Df","F value","Pr(>F)","Df","F value","Pr(>F)","Df","F value","Pr(>F)","Df","F value","Pr(>F)","Df","F value","Pr(>F)"
"elevation_fac",1,13.0258571574967,0.000926746971938535,1,0.0795661611583536,0.779501522574254,1,1.87509494659789,0.179375247048115,1,3.02419372432098,0.0905771135139225,1,0.126566057214617,0.724095685105187,1,6.75699088285634,0.0134546493904847
"fire",1,2.97485752758254,0.093144869463408,1,8.77131231868631,0.00539070173855032,1,6.00053462812698,0.0192977226852268,1,0.151314402065229,0.699573810833312,1,0.0733473979406435,0.788070713317679,1,0.708047652782114,0.405647682831543
"elevation_fac:fire",1,1.00678685340513,0.322370830708368,1,0.138246712936823,0.712209921686904,1,6.48284658548813,0.015314991288424,1,0.00117805330327599,0.972809364706982,1,0.370833103274708,0.54637440798655,1,4.02856467176882,0.0522894928041871
"Residuals",36,NA,NA,36,NA,NA,36,NA,NA,36,NA,NA,36,NA,NA,36,NA,NA
