"","Df","F value","Pr(>F)","F value","Pr(>F)","F value","Pr(>F)"
"elevation_fac",1,0.0133389577278031,0.90837928277373,0.118677517119908,0.731491605682152,1.38212829868713,0.24366618733746
"fire",1,2.5494399158404,0.114775011255773,0.109426361660122,0.741772418553109,0.635427849753332,0.428029047116591
"elevation_fac:fire",1,0.0443240035641949,0.833855002140157,0.0283721015023915,0.866715903597003,0.133852707542194,0.715558226320138
"Residuals",71,NA,NA,NA,NA,NA,NA
