"","Df","F value","Pr(>F)","Df","F value","Pr(>F)","Df","F value","Pr(>F)","Df","F value","Pr(>F)","Df","F value","Pr(>F)","Df","F value","Pr(>F)"
"Elevation",1,0.340685415937731,0.563073300909523,1,13.3023556745772,0.000832068963804563,1,3.1584260394667,0.0839862100762841,1,2.55728030960727,0.118528317698857,1,0.0117702628083368,0.914208796345162,1,8.00666571429722,0.0075738263619777
"Fire",1,0.0206622884549072,0.8865043979255,1,0.843467111314059,0.364519673540642,1,4.07130221938685,0.0511187651515781,1,0.507436514949882,0.480842281829582,1,8.3087746824511,0.00661518524626177,1,0.0499171172918662,0.824470552190582
"Elevation:Fire",1,0.187329294967566,0.667730820769704,1,0.0877810934236653,0.768719743413025,1,4.86313289395857,0.0339088230025172,1,0.377388099590424,0.542867619451515,1,0.407348862067539,0.527357672965897,1,1.45767660153883,0.23517307257084
"Residuals",36,NA,NA,36,NA,NA,36,NA,NA,36,NA,NA,36,NA,NA,36,NA,NA
