"","Df","F value","Pr(>F)","Df","F value","Pr(>F)","Df","F value","Pr(>F)"
"elevation_fac",1,0.0133389577278035,0.908379282773729,1,0.889412488061739,0.349024916001269,1,2.27714108305866,0.135995265697387
"fire",1,2.5494399158404,0.114775011255774,1,4.23455506609151,0.0435029211156351,1,0.958680001546984,0.331041974187837
"elevation_fac:fire",1,0.0443240035641957,0.833855002140155,1,0.593680543727534,0.443707922610437,1,0.43658369815146,0.511041552145697
"Residuals",71,NA,NA,67,NA,NA,67,NA,NA
