"","Df","F value","Pr(>F)","Df","F value","Pr(>F)","Df","F value","Pr(>F)","Df","F value","Pr(>F)","Df","F value","Pr(>F)","Df","F value","Pr(>F)"
"elevation_fac",1,13.0258571574967,0.000926746971938534,1,0.0795661611583543,0.779501522574253,1,1.87509494659791,0.179375247048114,1,3.02419372432098,0.0905771135139225,1,0.126566057214617,0.724095685105187,1,6.75699088285635,0.0134546493904846
"fire",1,2.97485752758254,0.0931448694634078,1,8.77131231868632,0.0053907017385503,1,6.00053462812701,0.0192977226852265,1,0.15131440206523,0.699573810833312,1,0.0733473979406434,0.788070713317679,1,0.708047652782119,0.405647682831542
"elevation_fac:fire",1,1.00678685340513,0.322370830708368,1,0.138246712936825,0.712209921686903,1,6.48284658548816,0.0153149912884237,1,0.00117805330327606,0.972809364706981,1,0.370833103274708,0.546374407986549,1,4.02856467176884,0.0522894928041867
"Residuals",36,NA,NA,36,NA,NA,36,NA,NA,36,NA,NA,36,NA,NA,36,NA,NA
