"","Df","F value","Pr(>F)","Df","F value","Pr(>F)","Df","F value","Pr(>F)","Df","F value","Pr(>F)","Df","F value","Pr(>F)","Df","F value","Pr(>F)"
"Elevation",1,0.393432052299655,0.5344591491596,1,15.3955436822811,0.00037643470054839,1,5.0421541853429,0.0309714682930822,1,2.20080650946547,0.146641524218118,1,0.523060704836498,0.474212121152692,1,8.64480114827674,0.00569944021193973
"Fire",1,0.0206622884549123,0.886504397925486,1,0.84346711131403,0.36451967354065,1,4.07130221938722,0.0511187651515683,1,0.507436514949917,0.480842281829567,1,8.30877468245125,0.00661518524626132,1,0.0499171172918882,0.824470552190544
"Elevation:Fire",1,0.187329294967568,0.667730820769702,1,0.0877810934236624,0.768719743413029,1,4.86313289395857,0.0339088230025173,1,0.377388099590421,0.542867619451516,1,0.407348862067539,0.527357672965897,1,1.45767660153883,0.23517307257084
"Residuals",36,NA,NA,36,NA,NA,36,NA,NA,36,NA,NA,36,NA,NA,36,NA,NA
