"","Chisq","Df","Pr(>Chisq)","Chisq","Df","Pr(>Chisq)","Chisq","Df","Pr(>Chisq)","Chisq","Df","Pr(>Chisq)","Chisq","Df","Pr(>Chisq)","Chisq","Df","Pr(>Chisq)"
"Elevation",13.3023556745772,1,0.000265072870214658,1.04839330274344,1,0.305877414032447,3.15842603946669,1,0.075535978058448,0.0177890078906016,1,0.893896468207172,0.340685415937737,1,0.55943385381388,0.266823030498829,1,0.60547091622308
"Fire",0.843467111314062,1,0.358407054287023,0.308977202315422,1,0.578308494022616,4.07130221938685,1,0.0436176362264948,0.0160313991981286,1,0.899244996143609,0.0206622884549072,1,0.885702759814974,0.00409532076440046,1,0.9489744523198
"Elevation:Fire",0.087781093423663,1,0.767017218388155,0.535144729492012,1,0.464451902957204,4.86313289395857,1,0.0274364715532917,1.10892792619334,1,0.292315112342822,0.187329294967573,1,0.665148780041278,1.79381158151733,1,0.180462448624684
