"","Df","F value","Pr(>F)","F value","Pr(>F)","F value","Pr(>F)","F value","Pr(>F)","F value","Pr(>F)","F value","Pr(>F)"
"elevation_fac",1,13.0258571574967,0.000926746971938538,0.0795661611583533,0.779501522574255,1.87509494659791,0.179375247048114,3.02419372432098,0.0905771135139224,0.126566057214617,0.724095685105187,6.75699088285634,0.0134546493904847
"fire",1,2.97485752758254,0.0931448694634078,8.77131231868632,0.00539070173855029,6.00053462812701,0.0192977226852265,0.151314402065229,0.699573810833313,0.0733473979406436,0.788070713317679,0.708047652782117,0.405647682831542
"elevation_fac:fire",1,1.00678685340514,0.322370830708368,0.138246712936822,0.712209921686905,6.48284658548816,0.0153149912884237,0.00117805330327599,0.972809364706982,0.370833103274708,0.546374407986549,4.02856467176883,0.052289492804187
"Residuals",36,NA,NA,NA,NA,NA,NA,NA,NA,NA,NA,NA,NA
