"","Df","F value","Pr(>F)","F value","Pr(>F)","F value","Pr(>F)"
"elevation_fac",1,0.0133389577278031,0.90837928277373,0.118677517119908,0.731491605682151,1.38212829868713,0.243666187337459
"fire",1,2.5494399158404,0.114775011255773,0.109426361660122,0.741772418553109,0.635427849753333,0.42802904711659
"elevation_fac:fire",1,0.0443240035641947,0.833855002140157,0.0283721015023902,0.866715903597006,0.133852707542196,0.715558226320136
"Residuals",71,NA,NA,NA,NA,NA,NA
