"","Df","F value","Pr(>F)","F value","Pr(>F)"
"elevation_fac",1,14.1945910454671,0.000428544429162593,0.333671838933074,0.566046616218575
"fire",1,0.306676087168192,0.582147070477835,3.34528596493333,0.073247498421417
"elevation_fac:fire",1,1.11972502014192,0.294964052196734,1.15341842682094,0.287889899944557
"Residuals",51,NA,NA,NA,NA
