"","Df","F value","Pr(>F)","F value","Pr(>F)","F value","Pr(>F)","F value","Pr(>F)","F value","Pr(>F)","F value","Pr(>F)"
"elevation_fac",1,13.0258571574967,0.000926746971938536,0.0795661611583531,0.779501522574255,1.8750949465979,0.179375247048114,3.02419372432098,0.0905771135139224,0.126566057214617,0.724095685105187,6.75699088285634,0.0134546493904847
"fire",1,2.97485752758254,0.0931448694634077,8.77131231868633,0.00539070173855028,6.00053462812701,0.0192977226852266,0.151314402065229,0.699573810833313,0.0733473979406436,0.788070713317679,0.708047652782117,0.405647682831542
"elevation_fac:fire",1,1.00678685340513,0.322370830708368,0.138246712936821,0.712209921686906,6.48284658548816,0.0153149912884237,0.00117805330327611,0.972809364706981,0.370833103274707,0.54637440798655,4.02856467176882,0.0522894928041871
"Residuals",36,NA,NA,NA,NA,NA,NA,NA,NA,NA,NA,NA,NA
