"","Df","F value","Pr(>F)","Df","F value","Pr(>F)","Df","F value","Pr(>F)"
"elevation_fac",1,6.36308849114249,0.0178520205677674,1,0.413764772422825,0.526713431376137,1,5.06538555740167,0.0347366791130908
"fire",1,4.76612197046956,0.0378934388892413,1,0.359060295299615,0.555149728840446,1,2.60702808946661,0.120643299555641
"elevation_fac:fire",1,0.0486704053234302,0.827052979074345,1,1.38637476557616,0.251599649158326,1,2.19624803858316,0.1525300308884
"Residuals",27,NA,NA,22,NA,NA,22,NA,NA
