"","Df","F value","Pr(>F)","F value","Pr(>F)","F value","Pr(>F)"
"elevation_fac",1,0.866065283432625,0.358245954343557,3.60587586638178,0.0683105662907465,4.87135900889225,0.0359915337966046
"fire",1,11.1487829468469,0.00196548110816733,0.0271779845133975,0.870284243700544,0.0111570198694341,0.916659307538361
"elevation_fac:fire",1,17.0118700562149,0.000209268324890669,0.71480586039775,0.405283378403942,0.442924044112426,0.511360428723687
"Residuals",36,NA,NA,NA,NA,NA,NA
