"","Df","F value","Pr(>F)","Df","F value","Pr(>F)","Df","F value","Pr(>F)","Df","F value","Pr(>F)"
"Elevation",1,4.67474927332674,0.03963568933165,1,0.189666683410339,0.667437191472304,1,3.85339662848992,0.0624116164157527,1,2.50254674552771,0.122409444690331
"Fire",1,2.7182019826198,0.11079879412517,1,0.25956162041048,0.615494093770029,1,1.49258975643876,0.234745188433255,1,12.4003240804428,0.00118586084428675
"Elevation:Fire",1,0.404210780430501,0.530275126080809,1,1.15311321231708,0.294535879776498,1,2.77139380168496,0.110141735300711,1,12.9808579575391,0.00094320950120857
"Residuals",27,NA,NA,22,NA,NA,22,NA,NA,36,NA,NA
