"","Df","F value","Pr(>F)","Df","F value","Pr(>F)","Df","F value","Pr(>F)","Df","F value","Pr(>F)","Df","F value","Pr(>F)","Df","F value","Pr(>F)"
"Elevation",1,1.32053203151341,0.260574909674609,1,7.41149056364831,0.0112128829763143,1,4.81783055938004,0.0369453293511301,1,3.10277919379766,0.0894806407953699,1,3.92623304333262,0.0578053976733394,1,2.00056271265758,0.168669798771748
"Fire",1,0.0317287809743849,0.859953965771953,1,0.0414238142963281,0.840248228592765,1,6.66373708642347,0.0155898999699065,1,0.25421283913655,0.618214014902753,1,1.01468215258922,0.32272645126599,1,0.082427425931422,0.776226289485945
"Elevation:Fire",1,7.85068784515283,0.0092824103444716,1,0.13529365744604,0.715873157386707,1,0.0995149724149904,0.754837896179285,1,0.223783796904197,0.639973999468841,1,0.0648397332840331,0.800933357200107,1,2.88315160373988,0.10100879632386
"Residuals",27,NA,NA,27,NA,NA,27,NA,NA,27,NA,NA,27,NA,NA,27,NA,NA
