"","Df","F value","Pr(>F)","Df","F value","Pr(>F)","Df","F value","Pr(>F)","Df","F value","Pr(>F)","Df","F value","Pr(>F)","Df","F value","Pr(>F)"
"Elevation",1,1.34169090668151,0.256879302708584,1,6.72903359528321,0.0151413548840262,1,2.28442727866292,0.142295198371186,1,2.52502358517227,0.123695893028421,1,2.82873948948813,0.104123364215222,1,2.07930957878541,0.160807619894145
"Fire",1,0.0317287809744359,0.859953965771842,1,0.041423814296313,0.840248228592794,1,6.66373708642328,0.0155898999699078,1,0.254212839136534,0.618214014902764,1,1.01468215258921,0.322726451265994,1,0.0824274259313085,0.776226289486095
"Elevation:Fire",1,7.85068784515283,0.0092824103444716,1,0.13529365744604,0.715873157386707,1,0.0995149724149887,0.754837896179287,1,0.223783796904197,0.63997399946884,1,0.0648397332840337,0.800933357200106,1,2.88315160373988,0.10100879632386
"Residuals",27,NA,NA,27,NA,NA,27,NA,NA,27,NA,NA,27,NA,NA,27,NA,NA
