"","Chisq","Df","Pr(>Chisq)","Chisq","Df","Pr(>Chisq)","Chisq","Df","Pr(>Chisq)","Chisq","Df","Pr(>Chisq)","Chisq","Df","Pr(>Chisq)","Chisq","Df","Pr(>Chisq)"
"Elevation",6.7290335952832,1,0.00948559783408498,2.82873948948812,1,0.092591007190058,2.28442727866292,1,0.130678371970476,2.52502358517227,1,0.112053105259267,1.34169090668148,1,0.246735993433902,2.07930957878541,1,0.149307697067443
"Fire",0.0414238142962986,1,0.838722041194191,1.01468215258923,1,0.313783747212582,6.66373708642327,1,0.00983943589583096,0.254212839136535,1,0.614124185665646,0.0317287809743508,1,0.858624223882346,0.0824274259313063,1,0.774034397483117
"Elevation:Fire",0.135293657446041,1,0.713005321232257,0.064839733284039,1,0.799003886287722,0.099514972414991,1,0.752412464231874,0.223783796904199,1,0.636171856327874,7.85068784515262,1,0.00508013752974799,2.88315160373988,1,0.08951067389577
