"","Chisq","Df","Pr(>Chisq)","Chisq","Df","Pr(>Chisq)","Chisq","Df","Pr(>Chisq)","Chisq","Df","Pr(>Chisq)"
"Elevation",4.67474927332676,1,0.0306091705443478,0.53166936446447,1,0.465905868401378,3.8533966284899,1,0.0496453563334556,0.448365318854324,1,0.503112262291273
"Fire",2.7182019826198,1,0.0992097135859497,0.136557400694414,1,0.711727694967553,1.49258975643878,1,0.221815078883657,0.910844043149018,1,0.339890568392729
"Elevation:Fire",0.404210780430496,1,0.524922607641306,0.118113949781914,1,0.731089134062817,2.77139380168498,1,0.0959625687756477,0.041849268449118,1,0.837907363722859
