"","Df","F value","Pr(>F)","F value","Pr(>F)","F value","Pr(>F)","F value","Pr(>F)","F value","Pr(>F)","F value","Pr(>F)"
"elevation_fac",1,7.48163437204577,0.0108771660503417,3.29465462449451,0.0806300175917995,2.79434346743168,0.106149399542442,2.92068901509886,0.098922724426605,0.544017154589865,0.467134803088538,1.05314704625424,0.313890138721362
"fire",1,0.586815164443947,0.450298958910075,1.95819288163972,0.173091101970497,8.90605367934805,0.00597093693503063,0.735233632820293,0.398739420012195,0.00645800897424401,0.936542267703471,0.000682925901954006,0.979343569945869
"elevation_fac:fire",1,0.00737958239364824,0.932176215448626,0.00658287917949755,0.935933086047624,0.0254682454520393,0.874393700878424,0.0473398186717264,0.829394506666154,10.1414205657572,0.00363746437329968,3.55330341485658,0.0702327790531678
"Residuals",27,NA,NA,NA,NA,NA,NA,NA,NA,NA,NA,NA,NA
