"","Df","F value","Pr(>F)","F value","Pr(>F)","F value","Pr(>F)"
"elevation_fac",1,6.3630884911425,0.0178520205677674,0.413764772422827,0.526713431376136,5.06538555740168,0.0347366791130908
"fire",1,4.76612197046957,0.0378934388892412,0.359060295299616,0.555149728840446,2.60702808946661,0.120643299555641
"elevation_fac:fire",1,0.0486704053234312,0.827052979074343,1.38637476557616,0.251599649158325,2.19624803858316,0.1525300308884
"Residuals",27,NA,NA,NA,NA,NA,NA
