"","Df","F value","Pr(>F)","F value","Pr(>F)","F value","Pr(>F)","F value","Pr(>F)","F value","Pr(>F)","F value","Pr(>F)"
"elevation_fac",1,7.48163437204578,0.0108771660503417,3.29465462449452,0.0806300175917991,2.79434346743168,0.106149399542441,2.92068901509886,0.0989227244266051,0.544017154589865,0.467134803088538,1.05314704625425,0.31389013872136
"fire",1,0.586815164443946,0.450298958910076,1.95819288163972,0.173091101970497,8.90605367934805,0.00597093693503063,0.735233632820293,0.398739420012195,0.006458008974244,0.936542267703471,0.000682925901954061,0.979343569945868
"elevation_fac:fire",1,0.00737958239364887,0.932176215448624,0.00658287917949701,0.935933086047627,0.0254682454520384,0.874393700878426,0.0473398186717251,0.829394506666156,10.1414205657572,0.00363746437329964,3.5533034148566,0.0702327790531669
"Residuals",27,NA,NA,NA,NA,NA,NA,NA,NA,NA,NA,NA,NA
