"","Df","F value","Pr(>F)","F value","Pr(>F)","F value","Pr(>F)","F value","Pr(>F)","F value","Pr(>F)","F value","Pr(>F)"
"elevation_fac",1,7.48163437204578,0.0108771660503417,3.29465462449451,0.0806300175917994,2.79434346743169,0.106149399542441,2.92068901509887,0.0989227244266048,0.544017154589867,0.467134803088538,1.05314704625424,0.313890138721361
"fire",1,0.586815164443946,0.450298958910076,1.95819288163972,0.173091101970497,8.90605367934805,0.00597093693503062,0.735233632820293,0.398739420012195,0.00645800897424391,0.936542267703471,0.000682925901954,0.979343569945869
"elevation_fac:fire",1,0.00737958239364887,0.932176215448624,0.00658287917949707,0.935933086047626,0.0254682454520378,0.874393700878427,0.0473398186717247,0.829394506666157,10.1414205657572,0.00363746437329962,3.55330341485659,0.0702327790531673
"Residuals",27,NA,NA,NA,NA,NA,NA,NA,NA,NA,NA,NA,NA
