"","Df","F value","Pr(>F)","Df","F value","Pr(>F)","Df","F value","Pr(>F)","Df","F value","Pr(>F)"
"Elevation",1,6.94155590276785,0.0137766418243072,1,0.357563407985211,0.555968849059891,1,5.70794834831741,0.0258936760329842,1,0.755513307733644,0.390494658966639
"Fire",1,2.71820198262004,0.110798794125155,1,0.259561620410392,0.615494093770089,1,1.49258975643909,0.234745188433206,1,12.4003240804441,0.00118586084428611
"Elevation:Fire",1,0.4042107804305,0.53027512608081,1,1.15311321231708,0.294535879776499,1,2.77139380168496,0.110141735300711,1,12.9808579575391,0.00094320950120857
"Residuals",27,NA,NA,22,NA,NA,22,NA,NA,36,NA,NA
